"carbvolume","mnfflow","carbpressure1","fillpressure","hydpressure1","hydpressure3","fillerlevel","fillerspeed","temperature","usagecont","carbflow","density","mfr","balling","pressurevacuum","oxygenfiller","bowlsetpoint","airpressurer","alchrel","carbrel","ballinglvl","brandcodenumeric","predicted_ph"
5.48,-100,116.6,46,0,-0.817850377888305,129.4,3986,66,21.66,2950,0.88,727.6,1.398,-3.8,0.022,130,142.6,6.56,5.34,1.48,4,8.53178
5.39333333333333,-100,118.8,46.2,0,0,120,4012,65.6,17.6,2916,1.5,735.8,2.942,-4.4,0.03,120,147.2,7.14,5.58,3.04,1,8.55834
5.29333333333333,-100,120.2,45.8,0,0,119.4,4010,65.6,24.18,3056,0.9,734.8,1.448,-4.2,0.046,120,146.6,6.52,5.34,1.46,2,8.52882
5.26666666666667,-100,124.8,40,0,0,120.2,2568.14323953511,74.4,18.12,28,0.74,529.885278306869,1.056,-4,0.0847409177062345,120,146.4,6.48,5.5,1.48,2,8.56332
5.40666666666667,-100,115,51.4,0,0,116,4018,66.4,21.32,3214,0.88,752,1.398,-4,0.082,120,145.8,6.5,5.38,1.46,2,8.50742
5.28666666666667,-100,118.6,46.4,0,0,120.4,4010,66.6,18,3064,0.84,732,1.298,-3.8,0.064,120,146,6.5,5.42,1.44,2,8.52418
5.48,-100,117.6,46.2,0,0,119.6,4010,66.8,17.68,3042,1.48,729.8,2.894,-4.2,0.042,120,145,7.18,5.46,3.02,1,8.50734
5.42,-100,121.4,40,0,0,131.4,3343.25841293235,67.2655876786867,12.9,1972,1.6,631.199324693933,3.32,-4.4,0.096,120,146,7.16,5.42,3,2,8.55339
5.40666666666667,-100,136,43.8,0,0,121,4010,65.8,17.7,2502,1.52,741.2,2.992,-4.4,0.046,120,146.2,7.14,5.44,3.1,1,8.5957
5.47333333333333,-100,126.6,40.8,0,0,120.8,1006,66,22.8,28,1.48,243.31692970633,2.892,-4.2,0.096,120,146,7.78,5.52,3.12,4,8.59779
5.18,-100,121.2,46.6,0,0,120.2,4010,65.4,20.04,3172,0.86,732.8,1.348,-4.2,0.066,120,147,6.52,5.36,1.38,2,8.56371
5.26,-100,117.2,46.2,0,0,118.4,4010,65.8,17.16,3100,0.86,735.8,1.348,-4.2,0.048,120,147,6.5,5.38,1.42,2,8.57933
5.3,-100,117,45.8,0,0,119.6,4010,65.4,20.52,2926,0.92,735.6,1.498,-4.8,0.066,120,147,6.54,5.28,1.46,2,8.50423
5.30666666666667,-100,122,46.4,0,0,119.8,4016,65.6,21.44,2954,0.94,736.4,1.548,-4.8,0.05,120,142.4,6.54,5.22,1.44,2,8.55689
5.27333333333333,-100,116.4,46.2,0,0,120.2,4012,67.6,21.08,3074,0.98,738,1.648,-4.2,0.046,120,142.4,6.62,5.26,1.6,3,8.28129
5.25333333333333,-100,125.6,43.4,0,0,130.4,2478.43748211546,69,18.16,32,0.8,500.253044166169,1.198,-4.8,0.16,120,142.2,6.52,5.28,1.6,2.26125377972683,8.54652
5.34,-100,118,45.6,0,0,119.2,3998,66,18.6,3004,0.88,730.4,1.398,-4,0.102,120,142,6.5,5.36,1.4,2,8.55398
5.26666666666667,-100,116.4,46.2,0,0,120.6,3992,65.8,18.18,3090,0.94,728.6,1.548,-4.4,0.06,120,142.2,6.52,5.3,1.44,2,8.49493
5.50666666666667,-100,118,46.2,0,0,120.2,3996,64.2,21.68,2936,1.64,729.8,3.29,-4.2,0.154,120,142.4,7.76,5.62,3.16,4,8.51459
5.32,-100,117.8,45.4,0,0,120,3996,65.4,22.28,2972,0.92,726.8,1.498,-4.4,0.022,120,142.6,6.56,5.38,1.46,2,8.70735
5.27333333333333,-100,117.2,46,0,0,120.2,3998,65.6,24.02,3094,0.92,732,1.498,-4.4,0.022,120,142.4,6.58,5.4,1.46,2,8.66179
5.53333333333333,-100,121,47.6,0,0,120,2834,67.4,13.56,3154,0.7,523.4,0.946,-4.4,0.054,120,141.8,6.5,5.48,1.36,2,8.63049
5.42666666666667,-100,121.2,38.8,0,0,131.4,1386,66.4,19.32,868,1.56,313.908498784679,3.092,-4.4,0.022,120,142.8,7.08,5.54,3.18,1,8.58812
5.40666666666667,-100,130.6,44.6,0,0,119,4002,67,17.52,2592,0.88,731.4,1.398,-4,0.022,120,142.8,6.5,5.46,1.4,2,8.56852
5.45333333333333,-100,125.2,46.4,0,0,120.2,4010,66.4,20.38,2996,0.9,736.8,1.448,-4.6,0.024,120,142.6,6.5,5.38,1.4,2,8.68934
5.26666666666667,-100,116.6,46.2,0,0,120.6,4014,66,24.12,3060,0.9,738.6,1.448,-4.4,0.022,120,142.2,6.54,5.32,1.4,3,8.51706
5.25333333333333,-100,122.2,46,0,0,119.8,4012,66.8,17.54,3136,0.94,741.2,1.548,-4.2,0.022,120,142.2,6.62,5.34,1.52,3,8.37013
5.5,-100,120.4,46.4,0,0,119.4,4010,65.6,18.12,3194,1.64,735.2,3.29,-3.8,0.174,120,142,7.74,5.66,3.28,4,8.64616
5.48,-100,120.2,50.4,0,0,120,4010,64.8,16.94,3162,1.66,740.8,3.34,-3.8,0.022,120,142,7.74,5.62,3.24,4,8.65029
5.48666666666667,-100,122.6,47,0,0,120.2,4010,64.6,17.04,2982,1.66,733.8,3.34,-4,0.024,120,141.8,7.74,5.62,3.26,4,8.66728
5.46666666666667,-100,120.2,46.6,0,0,120.4,4010,65.4,23.44,3182,1.68,732.4,3.39,-4,0.066,120,142,7.72,5.56,3.28,4,8.5844
5.46,-100,125.6,40,0,0,121.8,1008,70.6,19.22,32,1.42,257.416386883833,2.75,-4.2,0.024,120,141.8,7.72,5.58,3.28,4,8.56395
5.32,-100,120.4,46.8,0,0,119.2,4018,66,18.04,3190,0.92,733.6,1.496,-4.2,0.022,120,142.4,6.5,5.38,1.5,2,8.63889
5.31333333333333,-100,118.2,45.8,0,0,120.4,4014,65.2,22.02,2862,0.9,729.8,1.448,-4.2,0.022,120,142,6.5,5.36,1.52,2,8.6638
5.26666666666667,-100,124.6,44.8,0,0,121,3990,65,16.72,3122,0.92,724.2,1.498,-4,0.036,120,141.6,6.52,5.34,1.56,2,8.59903
5.48666666666667,-100,114.8,46.2,0,0,120.2,4016,65.4,17.76,3048,1.5,732.8,2.942,-4,0.022,120,142,7.16,5.44,3,1,8.54345
5.46,-100,116.8,45.6,0,0,119.2,4010,66.2,17.76,3080,1.5,730,2.942,-3.6,0.022,120,142.6,7.14,5.54,3.08,1,8.53357
5.44,-100,116.4,46,0,0,120.8,4012,66.4,21.46,3102,1.52,731.8,2.992,-3.6,0.022,120,142.4,7.14,5.56,3.06,1,8.52859
5.48,-100,118,46,0,0,120.8,4012,65,19.68,2900,1.7,732.2,3.44,-4.4,0.052,120,142.6,7.68,5.58,3.32,4,8.64715
5.47333333333333,-100,125.8,46.8,0,0,123.2,4010,65.2,16.74,2880,1.72,745.4,3.49,-4.4,0.05,120,141.8,7.7,5.6,3.32,4,8.72631
5.52666666666667,-100,132.8,45.6,0,0,119,4020,65.6,16.92,3350,1.72,740,3.49,-4.4,0.042,120,142.8,7.7,5.62,3.34,4,8.75206
5.38,-100,124.8,46,0,0,119,4018,66,19.9009443390422,3020,0.94,720.4,1.548,-4.6,0.024,120,143.2,6.52,5.5,1.38,2,8.67396
5.31333333333333,-100,133.4,45.8,0,0,120,3982,66.4,20.28,2726,0.9,726.6,1.448,-5,0.022,120,142.6,6.66,5.38,1.34,3,8.48886
5.34666666666667,-100,130.4,46,0,0,119,3980,68.2,20.88,3276,0.94,731.6,1.548,-5,0.022,120,142.6,6.58,5.4,1.38,3,8.38098
5.36666666666667,-100,114.6,46.2,0,0,119.8,4010,65.6,19.72,3042,0.94,724.4,1.548,-5.4,0.024,120,141.4,6.56,5.4,1.42,2,8.71463
5.54666666666667,-100.2,114,46.2,0,0,119.8,4012,64.6,19.82,3040,1.74,721.8,3.538,-5,0.036,120,142.8,7.7,5.62,3.28,4,8.73639
5.52666666666667,-100.2,115.6,46.2,0,0,122.8,4008,64,18.78,2950,1.76,759,3.588,-5.2,0.036,120,142.8,7.7,5.62,3.3,4,8.7401
5.32,-100,114.2,45.8,0,0,119.4,4010,65.4,17.34,3032,0.94,745.6,1.548,-4.8,0.024,120,141.8,6.58,5.4,1.48,2,8.70225
5.42,-100.2,126.8,46,0,0,120,4012,66.8,21.2,3010,1.62,731,3.242,-5.2,0.024,120,142.4,7.12,5.52,3.1,1,8.64899
5.38,-100.2,126.8,45.6,0,0,120.8,4010,65.8,18.5,2962,1.56,742,3.092,-4.8,0.024,120,142.4,7.14,5.5,3.06,1,8.74963
5.54666666666667,-100,117.4,45.8,0,0,116.6,3984,65.4,19.3196806300702,3016,1.78,736.2,3.638,-5.2,0.07,120,142.4,7.7,5.64,3.38,4,8.65947
5.31333333333333,-100,119.2,49.8,0,0,119.6,4010,65.6,16.34,3182,0.9,726.2,1.448,-4.8,0.022,120,142.6,6.58,5.38,1.42,2,8.69273
5.38666666666667,-100.2,122.6,54.6,0,0,115.4,1232,65.8,18.98,3740,0.8,291.018056790148,1.198,-5.2,0.122,120,142,6.56,5.38,1.48,2,8.70834
5.26666666666667,-100.2,115.4,45.8,0,0,119.2,4010,65.2,19.24,3038,0.9,735.4,1.448,-5,0.024,120,142.8,6.58,5.36,1.48,2,8.70456
5.28666666666667,-100.2,122,45.8,0,0,120,4010,65.2,18.42,2966,0.88,734.6,1.398,-5,0.024,120,143,6.58,5.36,1.48,2,8.74735
5.51333333333333,-100.2,113.6,46.2,0,0,120.6,4012,65.4,14.04,3002,1.72,759,3.49,-5,0.042,120,143,7.72,5.58,3.28,4,8.74246
5.22666666666667,-100,120.6,46.2,0,0,119.6,3988,67.4,21.1,2968,0.94,741.2,1.548,-5.4,0.12,120,142.4,6.54,5.3,1.32,3,8.48784
5.38,-100.2,125.6,46,0,0,120.4,3942,66.8,22.9,3054,0.92,715,1.496,-5,0.068,120,142.8,6.6,5.4,1.48,3,8.56162
5.34,-100.2,119,46,0,0,119.2,3982,67.8,16.78,2980,0.86,722,1.348,-5,0.066,120,141.2,6.56,5.42,1.38,2,8.66768
5.34666666666667,-100.2,119.2,46.2,0,0,119.4,3980,65.2,20.28,2994,0.86,734.4,1.348,-4.6,0.042,120,142,6.56,5.4,1.42,2,8.76449
5.33333333333333,-100.2,127,46,0,0,121.2,3984,65.4,14.28,2994,0.82,731.2,1.248,-4.4,0.058,120,142.4,6.54,5.38,1.42,2,8.74966
5.28,-100.2,119.4,46.4,0,0,121,3984,65,19.88,2988,0.92,728.8,1.498,-4.8,0.058,120,142.6,6.54,5.34,1.44,2,8.65329
5.49,-100.2,126.6,46,0,0,119.2,3990,65.4,21.4,2988,1.62,727,3.24,-4.4,0.092,120,143,7.72,5.64,3.26,4,8.75934
5.24,-100.2,130.6,45.8,0,0,119.8,3986,64.8,21.82,2996,0.88,726.2,1.398,-4.4,0.146,120,142.8,6.52,5.42,1.44,2,8.76267
5.30666666666667,-100.2,130,46.2,0,0,120.6,3980,65.6,20.56,2988,0.92,734,1.498,-4.2,0.108,120,142.6,6.54,5.4,1.54,2,8.77906
5.32666666666667,-100.2,124.8,49.8,0,0,125.4,1008,65.4,24.06,3032,0.98,641.2,1.648,-4.8,0.05,120,142.8,6.52,5.38,1.5,2,8.69667
5.3,-100.2,122.2,46.2,0,0,120,3984,67.4,24.06,2990,1,723.4,1.698,-5.4,0.158,120,142.8,6.54,5.4,1.44,2,8.58083
5.32666666666667,-100,124.8,46,0,0,119.8,3982,67.2,24.06,2980,1,726.6,1.698,-5.4,0.138,120,142.6,6.52,5.42,1.46,2,8.56688
5.29333333333333,-100.2,121,46.2,0,0,120.4,3984,66.6,19.56,2988,0.98,733.2,1.646,-5.6,0.132,120,142.2,6.52,5.42,1.44,2,8.58516
5.16,-100.2,118.8,46,0,0,120.2,3986,67.2,16.46,3010,0.98,727.6,1.648,-5.4,0.172,120,142.2,6.5,5.4,1.44,2,8.57973
5.26,-100,121.8,49.6,0,0,113.2,1172,68.2,23.26,3684,0.74,232.4,1.048,-5.2,0.22,120,142.4,6.64,5.28,1.32,3,8.50873
5.21333333333333,-100.2,124.2,48.2,0,0,119.2,3984,65.6,21.14,3064,0.94,731.6,1.548,-5.4,0.126,120,142.6,6.64,5.32,1.42,3,8.38828
5.41333333333333,-100.2,124.2,48,0,0,119.4,3988,66.8,23.58,3030,1.82,732,3.738,-5.8,0.086,120,143.4,7.7,5.6,3.32,4,8.55192
5.5,-100,116,48,0,0,116.8,3984,66,20.1,3104,1.82,720.4,3.738,-5.8,0.116,120,143,7.7,5.62,3.34,4,8.54607
5.41333333333333,-100.2,120.8,47.8,30.2,35,110.2,3786,65.8,19.88,3156,1.7,687.8,3.44,-5.6,0.068,110,142.6,7.04,5.52,3.26,1,8.53994
5.34,-100.2,117.2,48,37,38.6,110.4,3984,66.2,24.24,3380,1.7,724.2,3.44,-5.6,0.06,110,142.6,7.1,5.52,3.14,1,8.52317
5.53333333333333,-100.2,113.2,60.2,34.4,26.4,113.4,3600,64.2,16.2,3486,1.8,643.8,3.686,-5.8,0.044,130,142.4,7.68,5.64,3.36,4,8.60654
5.26,-100,116,54,1.4,8,126,2354,66.2,16.26,3568,0.84,573.6,1.298,-5,0.076,130,142.4,6.56,5.38,1.36,2,8.69458
5.46666666666667,-100.2,125.8,48,22.4,31.4,120,3790,65.4,20.32,3272,1.72,688.8,3.49,-5.4,0.058,120,142.8,7.72,5.62,3.24,4,8.70189
5.48666666666667,-100,122.2,48,20,30.8,121.6,3792,65,22.94,3472,1.78,671.6,3.638,-5.4,0.052,120,142.6,7.7,5.66,3.3,4,8.64989
5.24,-100,133.4,46,19.6,28.4,120.2,3792,65.4,19.58,3308,0.94,680.6,1.548,-5.4,0.07,120,143.2,6.56,5.36,1.38,2,8.77208
5.26,-100.2,117,48.2,34.2,21.8,119.8,3716,67,16.44,3088,0.8,676.4,1.196,-4.4,0.168,120,142.6,6.64,5.34,1.26,3,8.68787
5.21333333333333,-100.2,122.6,47.8,39.6,23.6,120.2,3716,67,18,3074,0.78,666.4,1.146,-4.4,0.17,120,142.6,6.66,5.36,1.26,3,8.66174
5.2,-100.2,118.2,52.6,39.6,19.8,117.6,3196,66.8,21.16,3530,0.8,569,1.196,-4.4,0.09,120,142.8,6.64,5.3,1.32,3,8.6406
5.22666666666667,-100.2,125.4,42.4,0,0,121.6,2531.74200608737,68.8,19.56,252,0.78,506.793199152407,1.148,-4.2,0.0627431374745021,120,142.4,6.56,5.66,1.44,2,8.64393
5.27333333333333,-100.2,129,42.4,0,0,120.4,1008,65.8,21.8,278,0.84,253.797010732496,1.298,-5,0.068,120,142.2,6.52,5.32,1.42,2,8.62491
5.50666666666667,-100.2,121.4,46,38.2,23.2,118.6,3898,63.8,19.84,2956,1.68,730,3.39,-5,0.046,120,142.8,7.74,5.6,3.18,4,8.73075
5.26666666666667,-100,122.8,48,30.8,25.2,119.6,3804,66.6,17.32,3006,0.98,692,1.646,-5.8,0.066,120,142.2,6.56,5.38,1.44,2,8.63003
5.32666666666667,-100.2,122.4,52,0.4,13.8,121.4,1522,71.6,17.74,3824,1.5,313,2.95,-5.8,0.194,120,143.8,7.08,5.32,2.86,1,8.55242
5.25333333333333,-100.2,123.2,48,34,21.4,120,3806,65.4,16.84,3106,0.92,693.2,1.498,-5.4,0.082,120,143.4,6.58,5.36,1.4,2,8.72227
5.34,-100.2,120.8,52.4,34.4,23.6,125.4,3810,68.4,21.54,3858,1.46,696.6,2.846,-5.2,0.084,130,143.4,7.18,5.7,2.84,1,8.63789
5.66,-100,126.903565710025,45.4090709761717,-50,-50,129.434539738432,1348.26070850522,68.0482570023089,20.16,0,0.06,348.179609171419,3.48,-9.92285856750567,0.0977279328613182,129.521453164491,138.571539909611,7.04667173487694,5.32061495169867,0,1,8.52793
5.36666666666667,-100.2,119.2,46,39,30,120.8,3690,69,17.94,2946,1.64,667.8,3.294,-5.8,0.354,120,143.2,7.1,5.62,3,1,8.55178
5.46,-100,122.8,51,0,0,122.2,1006,67.6,22.16,44,1.6,241.752460016245,3.192,-5.8,0.398,120,143,7.12,5.58,3,1,8.54723
5.54,-100.2,120.4,40.6,0,0,125,1010,75.4,19.44,44,1.6,273.93525688258,3.212,-5.4,0.186,120,142.2,7.7,5.68,3.28,4,8.59452
5.34666666666667,-100.2,116.4,46,29.8,23.4,120,3880,65.2,19.38,3078,0.98,700.6,1.648,-5.4,0.072,120,142.8,6.58,5.4,1.48,2,8.63746
5.48666666666667,-100,122.4,56,0,0,146.6,2125.91960234418,64.4,22.62,46,1.68,415.373743789805,3.39,-5.6,0.04,120,142.2,7.72,5.6,3.26,4,8.63269
5.28666666666667,-100.2,115.8,46,22.6,32.6,119.6,4012,65.8,21.78,3038,0.98,731,1.648,-5.2,0.07,120,142.4,6.58,5.36,1.44,2,8.63125
5.42666666666667,-100.2,119,51.8,43.2,34.8,120.4,3896,66.2,18.24,3256,1.54,703.4,3.042,-4.6,0.058,120,142,7.14,5.54,3.04,1,8.63877
5.40666666666667,-100.2,116.4,51.8,38,35,118.6,3898,66,17.52,3206,1.58,723.4,3.142,-4.8,0.066,120,142.4,7.1,5.5,3.04,1,8.64233
5.42666666666667,-100.2,122.8,46.8,0,0,121,1008,69.2,13.4,42,1.66,247.641908715575,3.344,-5,0.058,120,143,7.72,5.44,3.24,4,8.60241
5.44666666666667,-100.2,118.2,46,29.2,33,119.4,4020,66.2,18.06,3004,1.64,731.4,3.29,-5,0.104,120,142.4,7.78,5.56,3.1,4,8.66846
5.29333333333333,-100.2,116.8,46,25.8,21.2,119.6,3904,65.2,17,3132,0.92,712,1.498,-5.2,0.108,120,142.6,6.52,5.38,1.44,2,8.70435
5.36666666666667,-100.2,119.2,46,16.8,21.4,120,3898,64.8,18.9,3108,0.9,710.6,1.448,-5.4,0.116,120,142.4,6.56,5.36,1.36,2,8.71467
5.36,-100.2,125.4,46,24.6,20.4,119.4,3902,65.4,22.48,3178,0.9,707,1.448,-4.8,0.08,120,142,6.54,5.36,1.42,2,8.74639
5.34,-100.2,125,46,32.6,23.2,120,3896,64.8,20.16,3174,0.9,711.2,1.448,-4.8,0.052,120,142.4,6.54,5.4,1.36,2,8.75335
5.22,-100.2,126,46,32.6,34.8,119.8,3894,67,20.98,3286,0.9,706,1.448,-5,0.184,120,142.8,6.56,5.44,1.38,3,8.57827
5.18666666666667,-100,121.6,45.8,21.8,29.6,120.6,4002,69.2,18.44,3234,0.98,727.8,1.648,-5.4,0.122,120,143,6.6,5.32,1.44,3,8.46601
5.28666666666667,-100,123.4,46.2,11.8,24.2,119.8,3908,66.8,20.2,3310,0.94,709,1.548,-5.4,0.116,120,141.8,6.56,5.32,1.38,3,8.51574
5.21333333333333,-100,127.6,54.8,0,0,122.6,1006,65.8,16.24,44,0.94,243.041319306411,1.548,-5.4,0.088,120,142.2,6.5,5.3,1.5,3,8.53361
5.28666666666667,-100,117.2,46.2,28.6,32.4,119.4,3896,66.2,20.68,3112,0.94,728.4,1.548,-5.8,0.074,120,142,6.58,5.38,1.34,2,8.65958
5.28,-100.2,116.8,46,29.2,30.8,119.4,3894,65.8,20.56,3136,0.94,712.8,1.548,-5.8,0.072,120,142.6,6.54,5.38,1.34,2,8.67196
5.51333333333333,-100.2,123.2,46,36.4,28,121.4,3904,67.8,24.34,3196,1.62,708.8,3.242,-5,0.06,120,142.2,7.8,5.68,3.08,4,8.62005
5.49333333333333,-100.2,120.2,46,34.4,22.8,119.4,3800,65.6,16.82,3182,1.62,688.4,3.24,-5.4,0.054,120,142.4,7.8,5.62,3.04,4,8.73218
5.26,-100.2,127.4,40,0,0,153.2,3402.97994863418,67.8,20.6,1962,0.8,661.991357146885,1.196,-5.6,0.116,120,142,6.52,5.38,1.26,2,8.62461
5.26666666666667,-100,120,45.8,29.8,26.2,121.2,3914,65.8,17.66,3062,0.92,708.4,1.496,-5.4,0.0056,120,142,6.52,5.44,1.38,2,8.71017
5.28,-100.2,121.4,46,28.8,26.6,119.6,3908,66,22.88,3078,0.92,713.6,1.496,-5.4,0.0088,120,142.2,6.5,5.4,1.4,2,8.7147
5.48666666666667,-100.2,125.6,50.4,0,0,118.4,2016.1199435716,65.4,24.6,44,1.6,15.6,3.192,-5.2,0.0052,120,141.6,7.74,5.56,3.16,4,8.61856
5.34,-100.2,117,46,39.8,30,119.4,3892,65.4,16.02,3106,0.88,710,1.398,-5,0.0076,120,141.8,6.54,5.4,1.36,2,8.7184
5.29333333333333,-100.2,116.8,46,45.2,32.8,119.2,3896,66.2,18.98,3118,0.94,716.8,1.548,-4.8,0.0114,120,142.4,6.56,5.36,1.44,2,8.67483
5.26,-100.2,118.6,46,40.6,30.6,119.8,3998,65.6,21.84,3024,0.98,731.6,1.648,-5.4,0.0088,120,142.6,6.56,5.34,1.46,2,8.66077
5.25333333333333,-100,117.4,46,12.6,31,119.6,3908,65.8,24.2,3060,0.92,711.2,1.496,-5.6,0.007,120,142.8,6.58,5.36,1.38,2,8.67754
5.27333333333333,-100.2,120.4,46.2,10.8,29.4,119.8,3908,66,16.3,3070,0.92,716.6,1.496,-5.6,0.007,120,142.2,6.58,5.36,1.38,2,8.67349
5.24,149,119,46,14.8,26.6,120,3910,65.4,19.12,3104,0.92,714.2,1.498,-5.2,0.0084,120,142.2,6.58,5.36,1.36,2,8.69179
5.38,186.6,116.2,45.8,41.2,36.2,121.6,3916,66,16.34,3070,0.86,718.2,1.348,-5.2,0.0066,120,142.4,6.62,5.38,1.32,2,8.58124
5.45333333333333,113.8,117,45.6,15.6,17.4,116.4,3040,66.6,15.8,3232,1.52,490.6,2.992,-5.6,0.005,120,142.4,7.24,5.52,2.96,1,8.53167
5.15333333333333,220.4,121,46,47.4,38.6,119.8,3906,68.8,16.52,3058,1,712.2,1.698,-5.4,0.0094,120,142.8,6.56,5.26,1.46,1.58110080191468,8.51951
5.31333333333333,166.4,119.8,39.8,33.2,16.4,120,3796,66.8,18.84,2868,1.04,686.6,1.796,-5.4,0.0184,120,142.8,6.64,5.42,1.64,3,8.42927
5.54666666666667,199,116.2,46.2,45.4,21.4,118.8,4010,65.8,17.18,3000,1.64,729.8,3.29,-5.4,0.008,120,142.8,7.78,5.7,3.04,4,8.49527
5.44,197.2,114.4,46,39,21.4,121.2,4010,66.2,17.42,2982,1.68,733.4,3.39,-5.4,0.0088,120,142.4,7.76,5.6,3.06,4,8.49892
5.33333333333333,187.6,118,46,40.8,19.2,120.4,3894,65.8,16.08,3040,0.86,711.2,1.348,-5.4,0.0072,120,142.2,6.58,5.38,1.22,2,8.55186
5.33333333333333,192.6,117,46.2,33.8,21.2,120,3804,65.4,16.1,3078,0.84,695.2,1.298,-5.2,0.0098,120,141.6,6.58,5.36,1.3,2,8.55736
5.53333333333333,0.2,119.8,44.4,0,0,143.6,1010,68.4,22.94,40,1.48,265.198682567675,2.894,-5.8,0.0264,130,142.4,7.78,5.64,3.06,4,8.53617
5.32567773692382,99.6,117.4,50.2,3.2,31.4,130.4,3598,65.8,18.64,3220,0.94,654.8,1.548,-5.8,0.0108,130,142.6,6.6,5.3,1.44,3,8.50992
5.46666666666667,90.6,113,50,2.6,29.4,130.2,3598,68.4,19.02,3216,1.64,657,3.294,-5.8,0.0114,130,142,7.18,5.54,2.98,1,8.50916
5.45333333333333,141.2,132,50.4,36,31.2,100.6,3598,66.4,17.2,3426,1.56,658.6,3.092,-5.2,0.0194,100,143.2,7.18,5.52,2.96,1,8.50601
5.47333333333333,0.2,127.4,49.6,0,0,127.4,2126.52073324377,69.8,19.68,34,1.56,432.289194707169,3.096,-4.6,0.0466,120,142.4,7.76,5.64,3.02,4,8.54643
5.49333333333333,145.6,120.285673597126,46,50,33,120.8,3608,67.6,23.14,3042,1.62,662.8,3.242,-4.6,0.0434,120,142.4,7.76,5.72,3.08,4,8.53243
5.44,113.6,121.974581199033,45.4,28.2,28.4,120,3598,67.4,22.7,3050,1.62,657,3.242,-4.6,0.0436,120,141.8,7.76,5.64,3.04,4,8.54861
5.46666666666667,105.2,122.140594621876,45.6,23,27.6,120.2,3598,67.2,16.88,3056,1.66,656.6,3.342,-5,0.0468,120,142.2,7.74,5.66,3.08,4,8.56924
5.28,90.2,128,50.2,2.2,28.8,80,3614,67.2,21.3,3310,0.98,655.4,1.648,-5.8,0.0454,80,142.8,6.54,5.34,1.34,2,8.46612
5.31333333333333,86.8,126.2,50.4,1.6,27,85.8,3614,65.4,16.24,3188,0.98,735.4,1.648,-5.6,0.052,90,143,6.56,5.32,1.32,2,8.50684
5.32666666666667,102,122.6,50,8,35.2,79.8,3696,65.6,23.18,3308,0.96,675.4,1.596,-5.6,0.0572,80,141.8,6.58,5.32,1.34,2,8.49551
5.28666666666667,73.4,120.4,53.6,2.2,25.8,77.8,2722,65,18.32,3630,0.94,501,1.548,-5.8,0.0374,80,142.2,6.35791340561163,5.26,0,2,8.503
5.42666666666667,106.8,122.4,50.2,9.6,37.6,79.4,3898,66,23.38,3202,1.72,706.2,3.49,-6.2,0.0322,80,142.4,7.14,5.5,3.06,1,8.44201
5.4,111.2,126.8,50,11.2,38.4,79.4,3986,66.4,16.46,3218,1.76,721.8,3.588,-6.2,0.033,80,142.4,7.14,5.5,3.1,1,8.50107
5.41333333333333,112.4,124.6,49.8,9.4,40.8,85.2,3910,66.4,21.68,3200,1.76,692,3.588,-6.2,0.0332,80,141.8,7.14,5.5,3.08,1,8.49395
5.30666666666667,110.4,124.6,49.6,11.8,40.4,80.6,3794,65.6,20.28,3116,1.04,690.6,1.796,-6.2,0.0364,80,146.6,6.58,5.34,1.38,2,8.56602
5.33333333333333,0.2,133.4,57.2,0,0,104.4,1006,65.6,23.72,86,0.92,237.209204726237,1.498,-5.8,0.0444,80,145.8,6.54,5.32,1.36,2,8.48267
5.31333333333333,109.6,124.8,50.4,12.8,37.8,80.8,3808,65.4,22.8,3230,0.98,684.6,1.648,-6,0.0414,80,146.4,6.54,5.32,1.36,2,8.57622
5.31333333333333,112.4,124.4,49.2,11,40.4,80.2,3854,65.4,16.96,3244,0.98,700.8,1.648,-6,0.0414,80,146.6,6.52,5.28,1.3,2,8.59079
5.28666666666667,104,124.4,49.2,14.4,37.4,80,3850,65.4,16.32,3288,1.02,696.4,1.746,-5.6,0.0372,80,146,6.54,5.26,1.42,2,8.55827
5.34666666666667,109.8,121.8,49.6,20,39.2,81,3812,68.4,14.32,3338,1.54,680.8,3.044,-5.2,0.034,80,146.6,7.16,5.4,2.98,1,8.49473
5.23333333333333,108.2,123.8,50.4,20.4,36.6,109.8,3864,66,17.72,3290,0.94,703.2,1.548,-5.6,0.0328,110,147,6.58,5.32,1.32,2,8.66524
5.17333333333333,112.2,123,50,16.2,34.6,80,3910,66.4,21.66,3274,0.98,710,1.646,-5.4,0.0336,80,146.8,6.5,5.28,1.68,3,8.46779
5.30666666666667,111.6,124.8,50,15.6,32,100.2,3910,66.4,20.36,3290,0.98,708.6,1.646,-5.4,0.0324,100,146.6,6.52,5.3,1.66,3,8.4693
5.29333333333333,115.8,123.4,53.6,16.2,33,100.6,3916,68,21.4,3514,0.98,709.8,1.648,-5.4,0.0368,100,146.8,6.58,5.36,1.72,3,8.45337
5.34666666666667,98.8,120.8,50,8.2,33.8,79.4,3906,66.6,23.7,3286,0.9,703,1.448,-5.4,0.0294,80,146.4,6.52,5.38,1.36,2,8.50534
5.33333333333333,101.6,123,49.6,8.2,36.4,81,3908,66.4,16.48,3274,0.88,711.6,1.398,-5.4,0.0304,80,146.4,6.52,5.4,1.32,2,8.5554
5.30666666666667,119.6,123.6,50.2,12.4,35.4,90,4000,66,17.76,3262,0.9,729.2,1.448,-5.4,0.0444,90,142.2,6.52,5.32,1.36,2,8.5676
5.26666666666667,77,123,54,20.8,13.4,96,1008,65.2,13.48,3224,0.8,290.6,1.198,-4.8,0.0384,90,142.8,6.54,5.32,1.3,2,8.59085
5.54666666666667,66.6,126.6,44.4,11,13.6,121.8,1010,65,19.16,3286,1.6,251.274620331426,3.19,-5.2,0.0306,90,142.6,7.76,5.64,3.2,4,8.62319
5.3,145.2,125.4,53,11.2,34.6,90.2,4010,65.2,18.64,3370,0.86,730.8,1.348,-5.2,0.0344,90,142.2,6.54,5.32,1.32,2,8.5963
5.33333333333333,77.2,123.6,51.2,14.8,11,93.2,1494,65.8,19.84,3766,0.74,349.8,1.048,-5,0.0332,90,142.8,6.52,5.34,1.28,2,8.60292
5.32,140.2,125,50.2,13.6,32.4,90.6,3994,65.4,21.86,3276,0.86,730.6,1.348,-5,0.0334,90,142.2,6.52,5.34,1.3,2,8.63458
5.30666666666667,0.2,129.6,45.4,0,-1.2,90,1008,65.8,23.16,40,0.72,244.698864776502,0.996,-5.2,0.0312,90,143.2,6.52,5.32,1.28,2,8.53208
5.28666666666667,143.2,123.4,49.4,10.6,34.4,89.6,3996,68,21.3,3284,0.92,726.6,1.498,-5,0.03,90,142.2,6.58,5.32,1.38,2.22345292034497,8.48553
5.57333333333333,141.4,125.2,45.8,0.4,49,90.8,3998,66,17.6,3094,1.76,727.2,3.588,-5.8,0.028,90,143.2,7.78,5.64,3.14,4,8.73667
5.52666666666667,140.6,126,46.2,0.2,49.2,114.4,3894,66.4,17.68,2978,1.78,784.8,3.638,-6,0.029,120,142.6,7.78,5.64,3.2,4,8.63203
5.46666666666667,143.8,124.8,46.2,13.2,34,89.6,3952,65.8,20.32,3104,1.66,719.2,3.34,-5.6,0.038,90,142.8,7.82,5.56,3.04,4,8.72897
5.35333333333333,0.2,128,40,0.2,-1.2,120.8,1012,72,17.8,44,0.7,280.457472086738,0.95,-5.4,0.057,90,142.2,6.56,5.32,1.34,2,8.51798
5.3,0.2,127.4,45.6,0.2,-1.2,143.8,1012,67.2,19.42,44,0.76,270.559228030058,1.096,-5.2,0.0352,120,142.2,6.54,5.32,1.38,2,8.54896
5.36,145,125,49.6,18.2,30.2,90,3980,64.6,23.84,3256,0.96,727,1.598,-5.4,0.0292,90,142.2,6.56,5.36,1.44,2,8.35534
5.28,146,123.8,49.6,14.4,35,90,3984,65.8,16.6,3248,0.98,727.2,1.648,-5.4,0.038,90,142.4,6.56,5.34,1.42,2,8.43241
5.35333333333333,143.8,124.2,50,12.6,35.8,89.8,3982,65.4,17.16,3262,0.92,724.8,1.498,-5.4,0.038,90,142.4,6.56,5.36,1.36,2,8.49088
5.32666666666667,120.6,122.4,50.2,5.8,30.4,120.2,3988,65.4,17.42,3146,0.92,730.6,1.498,-5.4,0.033,120,142.4,6.56,5.36,1.3,2,8.59912
5.3,126.8,124.4,50,7.2,30,70.4,3978,65.2,17.82,3264,0.98,726.6,1.648,-5.4,0.0346,70,141.4,6.56,5.32,1.42,2,8.4271
5.29333333333333,135.6,126,50.4,15.2,32,69.4,3980,65.4,18.08,3280,0.98,728.4,1.648,-5.2,0.0338,70,142.6,6.54,5.32,1.44,2,8.44441
5.47333333333333,0.2,128.4,54.8,0,-1.2,95.8,1008,65.6,23.26,44,1.6,224.032624640141,3.192,-5,0.0306,70,142.2,7.06,5.54,3.12,1,8.46723
5.29333333333333,165.6,125.2,50,28.6,34.6,69.6,3892,65.2,23.64,3418,0.86,706.6,1.348,-5,0.0336,70,141.4,6.58,5.32,1.3,2,8.46474
5.32,136,124,49.8,9.6,32.2,70.4,3996,65.8,24.16,3348,0.9,730.6,1.448,-5,0.0452,70,142,6.56,5.3,1.38,2,8.46595
5.48,137.8,128,50.4,7.6,35.2,69.2,3894,65,23.86,3348,1.7,712.4,3.44,-5,0.0318,70,142.6,7.76,5.64,3.2,4,8.53727
5.31333333333333,134,123.8,48.6,12,33,70.2,3904,65.4,23.58,3268,0.96,716.6,1.596,-5.2,0.0316,70,143,6.56,5.3,1.36,2,8.49508
5.24,124.2,127.4,50,11,29.8,70.8,3922,65.4,23.5,3350,0.9,716,1.448,-5.2,0.0396,70,142.6,6.56,5.28,1.34,2,8.48598
5.26,132,128.4,50.2,15.2,32,70.4,3892,65.4,23.72,3364,0.88,708,1.398,-5.2,0.0308,70,142.6,6.56,5.3,1.34,2,8.49994
5.32,133.4,125.4,50.2,11.4,31.8,100.4,3898,65.4,23.6,3272,1,714.4,1.698,-5.6,0.03,100,141.8,6.58,5.44,1.56,3,8.33791
5.28666666666667,119.2,125.8,49.8,8.8,28,110,3892,66,23.98,3276,1.1,704.4,1.946,-5.4,0.0358,110,141.8,6.62,5.46,1.84,3,8.38061
5.52666666666667,69.4,128.6,48.4,8,21,115.6,1012,65.8,24.1,3200,1.64,95,3.29,-5.2,0.0556,120,142,7.74,5.32,3.18,4,8.4893
5.26666666666667,126.4,125.2,51.2,15.4,28.4,88.6,3918,65,23.62,3318,0.92,734.6,1.498,-5.6,0.0382,90,142,6.56,5.26,1.36,2,8.42757
5.43333333333333,128,123.2,54.6,3.4,35.2,90.4,3906,65.4,23.78,3426,1.68,712.8,3.39,-5.8,0.0368,90,143.2,7.12,5.46,3.08,1,8.39114
5.44,115.4,124.4,51,4.8,30.6,93.2,3904,64.8,23.56,3296,1.6,712.4,3.19,-5.4,0.0412,90,143,7.12,5.44,3.06,1,8.37458
5.39333333333333,119.2,124,50,6.8,31.2,116.4,3904,65.8,23.8,3248,0.94,726.4,1.548,-5.2,0.0318,120,142.8,6.56,5.36,1.38,2,8.51172
5.39333333333333,128.4,124,50.4,12.8,32.2,89,3906,65.4,23.9,3272,1.68,719.8,3.39,-5,0.0476,90,143.4,7.74,5.56,3.18,4,8.53811
5.5,2.8,132.8,46.4,0.4,-1.2,92.8,1016,66.2,23.98,42,1.7,229.388055381103,3.44,-5.8,0.0504,90,142.8,7.7,5.6,3.22,4,8.48534
5.54,137.2,123.4,49.8,19.6,30.8,101.8,3908,65.8,23.84,3272,1.78,701.2,3.638,-5.6,0.0332,100,143.6,7.7,5.5,3.32,4,8.4681
5.46,140.2,122.8,49.8,14,33.2,91.2,4002,69,23.42,3190,1.06,727.8,1.848,-5.8,0.0326,90,142.4,6.52,5.48,1.46,2,8.33189
5.46666666666667,143.4,121,54.8,11,34.6,89.8,3994,65.4,24.22,3496,1.58,733.8,3.142,-5.4,0.0342,90,142.8,7.16,5.54,2.98,1,8.26158
5.45333333333333,145.6,123.4,50,10.4,39,90,3898,65.8,24.16,3266,1.54,712.8,3.042,-5.2,0.0338,90,142.4,7.16,5.56,2.92,1,8.23894
5.14666666666667,134.4,123.8,50.6,13.6,31.2,90,3892,66.2,23.94,3308,0.98,711.6,1.646,-5.4,0.0434,90,142,6.52,5.46,1.42,1,8.27525
5.34,125.2,124.2,54.8,10.2,29,101,3954,65.4,23.48,3398,0.94,717.2,1.548,-5.2,0.0428,100,142.8,6.54,5.38,1.4,2,8.42248
5.47333333333333,129.4,126.2,46.2,7,31.4,90.4,3892,64.2,23.88,3098,1.8,707,3.686,-5.4,0.053,90,142.2,7.72,5.58,3.32,4,8.41498
5.55333333333333,114.8,124.6,49.4,2.2,29.8,96.2,3902,65.2,23.8,3134,1.76,740.4,3.588,-5.6,0.04,90,143.2,7.74,5.58,3.28,4,8.44496
5.28666666666667,90,132.6,56.4,0.8,20,80.8,1378,66.8,23.86,3778,0.92,142.2,1.496,-6,0.0536,90,144.4,6.52,5.18,1.4,2,8.45318
5.34666666666667,153.6,125.4,50.2,20.4,31.8,137,3996,66,23.68,2990,1.04,783.2,1.796,-6.2,0.0304,120,142.6,6.6,5.36,1.6,3,8.41195
5.36666666666667,151.8,123.6,50,21.2,33.2,89.8,3998,66.8,24.08,3260,1.06,730.4,1.846,-6.2,0.0306,90,141.6,6.54,5.36,1.46,2,8.36245
5.55333333333333,147.6,124.8,47.2,14.6,35.2,107.4,3892,66.4,23.6,3068,1.82,690,3.738,-6.4,0.0312,90,142.6,7.74,5.6,3.26,4,8.49974
5.56666666666667,143.2,125.4,46,13.2,33.4,90.2,3892,66.6,23.74,3018,1.84,708.6,3.788,-6.4,0.0322,90,142.6,7.74,5.6,3.26,4,8.49834
5.21333333333333,0.2,130.4,55,-0.4,-1.2,90,1010,66,23.84,44,1.58,219.475829831255,3.142,-5.4,0.0484,90,143.4,7.16,5.44,3.02,2,8.4088
5.46,154.2,123.4,58,29.2,33,117,3504,68.2,23.98,1048,1,612.8,1.698,-5.8,0.0486,120,143.2,6.6,5.44,1.44,2.69045893902457,8.46482
5.34,144,133.2,50.8,11.2,36.6,103,3912,67,24.12,1064,1.08,702,1.896,-5.8,0.0348,100,143.6,6.58,5.38,1.36,2.30152659679457,8.50477
5.40666666666667,132,124.2,50,16.4,29.8,99.2,3910,66.2,23.74,1086,0.92,707,1.496,-5.6,0.046,100,143,6.6,5.44,1.5,3,8.36644
5.43333333333333,137.8,127,50,14.6,30.2,100,3904,66.6,23.48,1074,1,711.6,1.696,-5.8,0.0358,100,142.2,6.48,5.42,1.48,3,8.38357
5.36,136.2,125.4,50,9.4,31.4,100.2,3910,65.8,23.72,1060,1.06,708,1.846,-6,0.0326,100,142.6,6.5,5.36,1.5,3,8.43789
5.28666666666667,147.8,124.2,50.2,18.6,31.8,99.6,3906,65.8,24.2,1062,0.94,715.4,1.548,-5.8,0.0158,100,142.8,6.54,5.28,1.32,2,8.52416
5.54666666666667,149,126,50.2,18,32.6,89.8,3998,65.4,23.68,1064,1.72,728.8,3.49,-5.6,0.0114,90,142.4,7.1,5.52,3.26,1,8.44408
5.36,193,123.8,49.8,44.4,40,89.8,3600,65.2,24.08,1070,1.6,658.6,3.19,-5.6,0.03,90,142.4,7.18,5.52,3.04,1,8.38976
5.19333333333333,163.4,123,50.2,13.4,40.6,90.8,3910,65.2,23.68,1068,1.02,720.2,1.746,-5.8,0.0026,90,142.4,6.56,5.34,1.44,2,8.36329
5.24,164.2,123.2,49.8,14.2,41.2,90.8,3908,64.8,24.24,1070,0.96,708.8,1.598,-5.4,0.0048,90,142.6,6.56,5.26,1.38,2,8.35275
5.52,146.8,125,44,21,31.8,99.4,4008,65.4,24.22,1098,1.8,734.4,3.688,-5,0.009,100,143.2,7.68,5.6,3.38,4,8.51358
5.55333333333333,139.2,123.4,46,7,33,121.4,3978,64.6,23.88,1084,1.84,727.2,3.786,-5.6,0.0094,120,142.4,7.66,5.66,3.4,4,8.47399
5.25333333333333,147.6,126.4,50.2,11.8,32,120,3980,65.4,23.96,1090,0.94,727.8,1.548,-5.8,0.0026,120,142,6.58,5.28,1.3,2,8.4869
5.30666666666667,133.2,127.6,50.4,6.8,30,109.6,3990,65,23.5,1082,0.94,726.2,1.548,-5.8,0.0026,110,143,6.54,5.34,1.36,2,8.47728
5.32,127.8,126.4,50.2,8,28.6,111,3998,64.8,23.92,1092,0.96,726.4,1.598,-5.6,0.0026,110,142.8,6.54,5.36,1.36,2,8.44993
5.47,162,119.4,54.6,24.8,36.6,110.8,3996,66.2,24.04,1062,1.14,744.2,2.046,-5.6,0.0026,110,142.6,6.4,5.56,1.82,3,8.37804
5.5,146,126,46,9,35.8,109.2,3992,65,24.1,1064,1.84,729.6,3.786,-5.6,0.0154,110,142.4,7.64,5.6,3.42,4,8.57622
5.43333333333333,148.8,128.6,50.8,12.2,37.6,110.6,3996,66.4,23.8,1062,1.74,722.4,3.54,-5.6,0.0066,110,142.4,7.12,5.62,3.3,1,8.48744
5.33333333333333,0.2,128.4,52.6,-0.6,-1.2,110.2,1869.0470788129,72,23.74,44,0.9,400.24723143494,1.402,-5.2,0.0036,110,142.2,6.42,5.3,1.44,2,8.45814
5.36,149.8,126.8,50.4,21.6,32.4,110.2,3992,66,23.98,1090,0.94,722.6,1.548,-5.2,0.0048,110,142.2,6.52,5.42,1.3,2,8.45884
5.28,154.4,129.6,50.2,18.6,35.8,110.4,3994,64.2,23.78,1076,0.96,727.8,1.598,-5.4,0.0026,110,142.4,6.56,5.34,1.36,2,8.48765
5.31333333333333,146.2,123.8,51.8,16.2,32.8,110.4,3992,64.4,23.58,1072,0.96,723.4,1.598,-5.4,0.0026,110,142.8,6.56,5.36,1.36,2,8.4819
5.24,153.6,131,50.2,15.2,36.8,109,3992,65,24.12,1076,0.94,729.4,1.548,-5.2,0.0026,110,143.2,6.56,5.34,1.36,2,8.4917
5.2,148.4,123.8,50.2,21.2,32.8,110.4,3988,64.2,23.74,1080,0.94,728,1.548,-5.2,0.0196,110,142.6,6.56,5.38,1.36,2,8.49787
5.27333333333333,147.4,123.2,52.8,21,32.8,111,3988,65.2,24.18,1074,0.88,734.2,1.398,-5,0.023,110,142,6.54,5.34,1.36,2,8.50845
5.63333333333333,153.8,121.8,53,22,33.4,77.4,3996,64.8,23.96,1074,1.82,735.4,3.736,-5.4,0.0218,110,142.6,7.64,5.74,3.42,4,8.55696
5.59333333333333,146,124.2,53.6,13.2,35.6,93.4,4006,65.2,23.62,1060,1.82,720.6,3.736,-5.6,0.0282,110,143.2,7.68,5.7,3.38,4,8.56556
5.26,155.4,127.8,44.4,22,35.4,109.4,3990,68.4,23.78,1074,1.04,725.8,1.798,-5,0.0166,110,143.2,6.56,5.36,1.62,1.91168662792926,8.4915
5.34666666666667,167.8,131.2,44.2,24.2,37.8,110.2,3990,67.4,23.82,1076,0.96,732.2,1.596,-5.4,0.0162,110,143.4,6.5,5.48,1.32,2,8.62018
5.24666666666667,152,130.2,44,13.4,36,110.2,3994,65.6,23.56,1078,0.94,728.6,1.548,-5.8,0.0126,110,143.4,6.56,5.38,1.34,2,8.63222
5.42,145.6,124.2,51.2,11,34.6,110.2,3992,66.8,23.66,1054,1.04,726.2,1.796,-5.6,0.0102,110,143.2,6.5,5.46,1.5,2,8.47031
5.36,124,124.8,50,6.4,27.2,109.4,3994,67,24,1066,1,731,1.696,-5.6,0.0108,110,142.6,6.52,5.36,1.38,2,8.50107
5.39333333333333,147.8,123.8,50.2,20.2,33,109,3996,67.6,23.72,1062,0.96,725.4,1.598,-5.2,0.0124,110,143,6.5,5.42,1.38,2,8.46231
5.58666666666667,147.4,125.4,51.6,19.4,30.8,110.4,3992,66.8,23.74,1058,1.82,728.4,3.738,-5.4,0.0096,110,142.4,7.68,5.7,3.42,4,8.54182
5.58,0.2,130,44.2,-0.6,-1.2,110.8,1406,75.2,23.88,44,1.76,326.289880658038,3.61,-5.4,0.0292,110,143,7.66,5.66,3.42,4,8.52833
5.48,145.4,121.4,50.2,23,31.4,109.2,3992,67.8,23.86,1074,1.68,737.4,3.392,-5,0.0118,110,142.8,7.06,5.58,3.34,1,8.52921
5.24,151,123.6,50.2,25.4,31.4,110.2,3992,66,23.54,1064,0.94,724.2,1.548,-4.8,0.0042,110,142.2,6.5,5.42,1.44,2,8.40419
5.34,149.2,123.2,50.4,25.2,30.8,110.8,3992,66.2,23.6,1064,0.94,762.4,1.548,-4.8,0.0062,120,142.4,6.5,5.42,1.44,2,8.41314
5.37333333333333,146,120.2,49.6,27.4,30.8,107.4,3786,66.2,23.56,1056,0.9,661,1.448,-4.8,0.0024,110,142.2,6.5,5.4,1.46,2,8.42212
5.6,151.6,124.8,46,24.8,32.8,106,3992,64,23.92,1064,1.78,738.6,3.638,-5.2,0.0024,110,141.6,7.68,5.74,3.36,4,8.52884
5.66666666666667,0.2,127.6,37.8,-0.8,-1.2,110,1404,65,23.84,42,1.76,304.662977286138,3.588,-5.8,0.0026,110,142.4,7.64,5.6,3.42,4,8.5277
5.24666666666667,131,125.2,43.6,7,32,111,3992,65.6,23.68,1056,1.06,724.4,1.846,-6,0.0026,110,142.8,6.58,5.32,1.5,2,8.46797
5.39333333333333,0.2,130.8,44,-0.8,-1.2,109.4,1406,72.4,23.68,42,0.68,335.42730409328,0.902,-5,0.0026,110,142.4,6.52,5.4,1.44,2,8.47418
5.21333333333333,154.4,126,53.4,16.8,36.8,109.4,3998,66.2,23.64,1066,0.96,730.8,1.596,-5,0.006,110,141.6,6.58,5.3,1.48,2,8.44763
5.26,81.8,125.2,51,19.2,13.6,115.2,1402,65.8,23.88,668,0.84,312.447894742601,1.298,-4.8,0.0196,110,141.8,6.6,5.28,1.38,2,8.51216
5.52666666666667,160,122.4,50,26.2,35,109.6,3990,64.6,23.58,1070,1.68,725.8,3.39,-4.6,0.0476,110,141.6,7.68,5.56,3.28,4,8.5539
5.58,162.8,126.4,44,27.2,36,110.6,3990,64.4,24.18,1068,1.72,722.6,3.488,-4.8,0.0136,110,142.4,7.68,5.64,3.32,4,8.57236
5.2,0.2,125,47.6128906841713,-1,-1.2,121.770182768993,1410,73.8,23.76,38,0.211525017827579,582.2,0.0351544598369823,-4.6,0.011,110,141.8,5.72018812469936,5.28144074258916,0,0.945953591705955,8.50056
5.27333333333333,165.4,125.4,48.2,15.2,38.4,110.2,4002,67,23.76,1044,0.54,749.2,1.766,-5.2,0.0282,110,142,6.62,5.56,1.52,1.96868645272811,8.47492
5.5,173.2,129.6,50.8,31.8,37.4,98.4,3994,65.4,23.84,1048,1.32,718.8,3.714,-6,0.0148,110,142.6,7.68,5.5,3.32,4,8.61707
5.16,194.4,122,50,26.4,42,110.4,3996,65.8,23.82,1116,0.5,727,1.666,-5.6,0.0108,110,142.2,6.54,5.24,1.44,2,8.49482
5.28666666666667,185.2,123,49.8,25,36.6,109.6,3994,65,23.96,1124,0.52,728.2,1.716,-5.8,0.0026,110,142,6.52,5.28,1.38,2,8.50289
5.58,178,123.2,46,15.4,41.6,110.2,3992,65.8,23.82,1184,1.32,732.4,3.714,-5.8,0.0026,110,142,7.64,5.64,3.3,4,8.597
5.50666666666667,156.8,117.6,54,10.4,36.4,100.6,3996,65,23.92,1226,1.34,667,3.764,-5.8,0.0074,110,141.8,7.66,5.62,3.38,4,8.59567
5.38666666666667,133.4,122.8,54.8,10.2,27.8,105.8,2766,65,23.94,1188,0.46,560.2,1.566,-5.8,0.0038,110,142.4,6.6,5.38,1.46,2,8.45859
5.57333333333333,177.2,123.6,47.8,20.4,38,110.6,4008,63.8,24.32,1184,1.34,735,3.764,-5.6,0.0024,110,142.6,7.74,5.62,3.36,4,8.60921
5.42,174.8,124.2,54.6,20,40.6,111.2,3992,64.4,23.72,1180,0.6,746.6,1.918,-6.2,0.0068,110,142,6.52,5.36,1.62,3,8.31725
5.25333333333333,143.8,121.8,49.6,14,34,109.4,3992,65,23.58,1180,0.6,725.6,1.918,-6,0.0026,110,142.2,6.5,5.24,1.62,3,8.32414
5.22,170.8,125,50.2,25,38,110.2,3994,65,24.16,1178,0.58,731.6,1.868,-5.8,0.0062,110,142.8,6.54,5.22,1.62,3,8.17213
